{
  "coming": [],
  "movieIds": [
    1217125,
    1217041,
    247949,
    605319,
    1257417,
    1227006,
    1258163,
    1218273,
    1277644,
    1190122,
    1238837,
    1251281,
    1297995,
    1203825,
    1292,
    1179339,
    1163219,
    246300,
    1277527,
    1250662,
    1250690,
    1218029,
    1284949,
    342773,
    346640,
    1221817,
    1301018,
    1230121,
    1250700,
    597919,
    1284594,
    503342,
    1222930,
    346825,
    1242130,
    1277939,
    1278145,
    1263827,
    1220983,
    1256872,
    247730,
    1301459,
    1216179,
    518396,
    1258847,
    17758,
    252766,
    4179,
    6594,
    7775,
    355993,
    341897,
    522496,
    907481,
    1244836,
    1283759,
    1225993,
    1298835,
    1300762,
    1280939,
    1298696,
    1301455,
    1292606,
    1217249,
    1301509,
    9854,
    285214,
    8925,
    498142,
    348801,
    17857,
    339502,
    1505,
    125834,
    9163,
    2212,
    7108,
    1278447,
    1277532,
    341189,
    1246891,
    1239384,
    899049,
    1201422,
    1266635,
    1261185,
    1267720,
    1301403,
    1263510,
    1262502,
    1276048,
    966372,
    1281242,
    631512,
    1281356,
    879930,
    1279941,
    1239988,
    1284726,
    1242809,
    1250885,
    1201521,
    1299575,
    1251278,
    1277982,
    345397,
    1300417,
    346690,
    1301276
  ],
  "stid": "576591972453269000",
  "stids": [
    {
      "movieId": 1217125,
      "stid": "576591972453269000_a1217125_c0"
    },
    {
      "movieId": 1217041,
      "stid": "576591972453269000_a1217041_c1"
    },
    {
      "movieId": 247949,
      "stid": "576591972453269000_a247949_c2"
    },
    {
      "movieId": 605319,
      "stid": "576591972453269000_a605319_c3"
    },
    {
      "movieId": 1257417,
      "stid": "576591972453269000_a1257417_c4"
    },
    {
      "movieId": 1227006,
      "stid": "576591972453269000_a1227006_c5"
    },
    {
      "movieId": 1258163,
      "stid": "576591972453269000_a1258163_c6"
    },
    {
      "movieId": 1218273,
      "stid": "576591972453269000_a1218273_c7"
    },
    {
      "movieId": 1277644,
      "stid": "576591972453269000_a1277644_c8"
    },
    {
      "movieId": 1190122,
      "stid": "576591972453269000_a1190122_c9"
    },
    {
      "movieId": 1238837,
      "stid": "576591972453269000_a1238837_c10"
    },
    {
      "movieId": 1251281,
      "stid": "576591972453269000_a1251281_c11"
    }
  ],
  "total": 109,
  "movieList": [
    {
      "id": 1217125,
      "haspromotionTag": false,
      "img": "http://p0.meituan.net/w.h/movie/33ed2155753f63862b103daf1d9f35933842234.jpg",
      "version": "v3d imax",
      "nm": "勇敢者游戏2：再战巅峰",
      "preShow": false,
      "sc": 7.8,
      "globalReleased": true,
      "wish": 118081,
      "star": "道恩·强森,凯伦·吉兰,杰克·布莱克",
      "rt": "2019-12-06",
      "showInfo": "今天225家影院放映2929场",
      "showst": 3,
      "wishst": 0
    },
    {
      "id": 1217041,
      "haspromotionTag": false,
      "img": "http://p1.meituan.net/w.h/movie/6d1a970c7fefb016006b0af099d8ff38867262.jpg",
      "version": "",
      "nm": "南方车站的聚会",
      "preShow": false,
      "sc": 8.4,
      "globalReleased": true,
      "wish": 170997,
      "star": "胡歌,桂纶镁,廖凡",
      "rt": "2019-12-06",
      "showInfo": "今天226家影院放映2172场",
      "showst": 3,
      "wishst": 0
    },
    {
      "id": 247949,
      "haspromotionTag": false,
      "img": "http://p0.meituan.net/w.h/moviemachine/58ee13be6dc60bf5e636cf915bbbaaa55787785.jpg",
      "version": "v3d imax",
      "nm": "冰雪奇缘2",
      "preShow": false,
      "sc": 8.9,
      "globalReleased": true,
      "wish": 204361,
      "star": "克里斯汀·贝尔,伊迪娜·门泽尔,乔纳森·格罗夫",
      "rt": "2019-11-22",
      "showInfo": "今天216家影院放映1157场",
      "showst": 3,
      "wishst": 0
    },
    {
      "id": 605319,
      "haspromotionTag": false,
      "img": "http://p0.meituan.net/w.h/movie/16dba0a03e6b3645ed70b04e665c04451690138.jpg",
      "version": "v2d imax",
      "nm": "星际探索",
      "preShow": false,
      "sc": 6.5,
      "globalReleased": true,
      "wish": 33361,
      "star": "布拉德·皮特,汤米·李·琼斯,鲁丝·内伽",
      "rt": "2019-12-05",
      "showInfo": "今天204家影院放映950场",
      "showst": 3,
      "wishst": 0
    },
    {
      "id": 1257417,
      "haspromotionTag": false,
      "img": "http://p0.meituan.net/w.h/movie/bf2a8fed75e718413273ba7fb0082f38571064.jpg",
      "version": "",
      "nm": "若能与你共乘海浪之上",
      "preShow": false,
      "sc": 0,
      "globalReleased": true,
      "wish": 97289,
      "star": "片寄凉太,川荣李奈,松本穗香",
      "rt": "2019-12-07",
      "showInfo": "今天206家影院放映879场",
      "showst": 3,
      "wishst": 0
    },
    {
      "id": 1227006,
      "haspromotionTag": false,
      "img": "http://p0.meituan.net/w.h/movie/2cbc83f180080382b7754652b04718152049777.jpg",
      "version": "",
      "nm": "吹哨人",
      "preShow": false,
      "sc": 8.7,
      "globalReleased": true,
      "wish": 54532,
      "star": "雷佳音,汤唯,齐溪",
      "rt": "2019-12-06",
      "showInfo": "今天209家影院放映876场",
      "showst": 3,
      "wishst": 0
    },
    {
      "id": 1258163,
      "haspromotionTag": false,
      "img": "http://p0.meituan.net/w.h/movie/dd488887e8a1c8ab4723eee4026d25aa1973142.jpg",
      "version": "",
      "nm": "利刃出鞘",
      "preShow": false,
      "sc": 8.8,
      "globalReleased": true,
      "wish": 32096,
      "star": "丹尼尔·克雷格,克里斯·埃文斯,安娜·德·阿玛斯",
      "rt": "2019-11-29",
      "showInfo": "今天174家影院放映720场",
      "showst": 3,
      "wishst": 0
    },
    {
      "id": 1218273,
      "haspromotionTag": false,
      "img": "http://p1.meituan.net/w.h/movie/967b253953bc7e660cfadbf9d78f67b62852693.jpg",
      "version": "v2d imax",
      "nm": "误杀",
      "preShow": true,
      "sc": 0,
      "globalReleased": false,
      "wish": 23122,
      "star": "肖央,谭卓,陈冲",
      "rt": "2019-12-13",
      "showInfo": "今天85家影院放映108场",
      "showst": 4,
      "wishst": 0
    },
    {
      "id": 1277644,
      "haspromotionTag": false,
      "img": "http://p0.meituan.net/w.h/moviemachine/19d48b1fd4f4af5c8c8e1c780a26fa431567220.jpg",
      "version": "",
      "nm": "两只老虎",
      "preShow": false,
      "sc": 7.8,
      "globalReleased": true,
      "wish": 96289,
      "star": "葛优,乔杉,赵薇",
      "rt": "2019-11-29",
      "showInfo": "今天150家影院放映441场",
      "showst": 3,
      "wishst": 0
    },
    {
      "id": 1190122,
      "haspromotionTag": false,
      "img": "http://p0.meituan.net/w.h/movie/4bfb08bfe0b8dd20776c6efc4015de6d995158.jpg",
      "version": "",
      "nm": "叶问4：完结篇",
      "preShow": false,
      "sc": 0,
      "globalReleased": false,
      "wish": 215208,
      "star": "甄子丹,吴樾,吴建豪",
      "rt": "2019-12-20",
      "showInfo": "2019-12-20上映",
      "showst": 4,
      "wishst": 0
    },
    {
      "id": 1238837,
      "haspromotionTag": false,
      "img": "http://p1.meituan.net/w.h/movie/f8498102dc076de94e78adcfe1cefb34529684.jpg",
      "version": "v3d",
      "nm": "天·火",
      "preShow": false,
      "sc": 0,
      "globalReleased": false,
      "wish": 26170,
      "star": "王学圻,昆凌,窦骁",
      "rt": "2019-12-12",
      "showInfo": "2019-12-12 下周四上映",
      "showst": 4,
      "wishst": 0
    },
    {
      "id": 1251281,
      "haspromotionTag": false,
      "img": "http://p0.meituan.net/w.h/movie/500deaf8013c5cadb46a52756ef7f6974534639.jpg",
      "version": "",
      "nm": "被光抓走的人",
      "preShow": true,
      "sc": 0,
      "globalReleased": false,
      "wish": 27342,
      "star": "黄渤,王珞丹,谭卓",
      "rt": "2019-12-13",
      "showInfo": "2019-12-13 下周五上映",
      "showst": 4,
      "wishst": 0
    }
  ]
}