{
  "total": 127,
  "movieList": [
    {
      "id": 247949,
      "haspromotionTag": false,
      "img": "http://p0.meituan.net/128.180/moviemachine/58ee13be6dc60bf5e636cf915bbbaaa55787785.jpg",
      "version": "v3d imax",
      "nm": "<h1>冰雪奇缘2</h1>",
      "preShow": false,
      "sc": 8.9,
      "globalReleased": true,
      "wish": 204361,
      "star": "克里斯汀·贝尔,伊迪娜·门泽尔,乔纳森·格罗夫",
      "rt": "2019-11-22",
      "showInfo": "今天227家影院放映4103场",
      "showst": 3,
      "wishst": "<h1>冰雪奇缘2</h1>"
    },
    {
      "id": 1277644,
      "haspromotionTag": false,
      "img": "http://p0.meituan.net/128.180/moviemachine/19d48b1fd4f4af5c8c8e1c780a26fa431567220.jpg",
      "version": "",
      "nm": "两只老虎",
      "preShow": false,
      "sc": 0,
      "globalReleased": false,
      "wish": 90926,
      "star": "葛优,乔杉,赵薇",
      "rt": "2019-11-29",
      "showInfo": "2019-11-29 本周五上映",
      "showst": 4,
      "wishst": "<h1>两只老虎</h1>"
    },
    {
      "id": 1292,
      "haspromotionTag": false,
      "img": "http://p0.meituan.net/128.180/movie/609e45bd40346eb8b927381be8fb27a61760914.jpg",
      "version": "",
      "nm": "海上钢琴师",
      "preShow": false,
      "sc": 9.4,
      "globalReleased": true,
      "wish": 61601,
      "star": "蒂姆·罗斯,比尔·努恩,普路特·泰勒·文斯",
      "rt": "2019-11-15",
      "showInfo": "今天213家影院放映1053场",
      "showst": 3,
      "wishst": "<h1>海上钢琴师</h1>"
    },
    {
      "id": 1258163,
      "haspromotionTag": false,
      "img": "http://p0.meituan.net/128.180/movie/dd488887e8a1c8ab4723eee4026d25aa1973142.jpg",
      "version": "",
      "nm": "利刃出鞘",
      "preShow": false,
      "sc": 0,
      "globalReleased": false,
      "wish": 29415,
      "star": "丹尼尔·克雷格,克里斯·埃文斯,安娜·德·阿玛斯",
      "rt": "2019-11-29",
      "showInfo": "今天14家影院放映16场",
      "showst": 4,
      "wishst": "<h1>利刃出鞘</h1>"
    },
    {
      "id": 1216179,
      "haspromotionTag": false,
      "img": "http://p0.meituan.net/128.180/movie/42562ed224f40013d608fc0551bc298c3602695.jpg",
      "version": "v3d imax",
      "nm": "冰峰暴",
      "preShow": false,
      "sc": 0,
      "globalReleased": false,
      "wish": 24163,
      "star": "张静初,役所广司,林柏宏",
      "rt": "2019-11-29",
      "showInfo": "今天15家影院放映30场",
      "showst": 4,
      "wishst": "<h1>冰峰暴</h1>"
    },
    {
      "id": 1163219,
      "haspromotionTag": false,
      "img": "http://p0.meituan.net/128.180/movie/70b4d52270257e71046767ea1be1bede2983514.jpg",
      "version": "",
      "nm": "决战中途岛",
      "preShow": false,
      "sc": 9.1,
      "globalReleased": true,
      "wish": 34974,
      "star": "艾德·斯克林,卢克·伊万斯,帕特里克·威尔森",
      "rt": "2019-11-08",
      "showInfo": "今天207家影院放映905场",
      "showst": 3,
      "wishst": 0
    },
    {
      "id": 246300,
      "haspromotionTag": false,
      "img": "http://p1.meituan.net/128.180/movie/b9abe12e6bd785d29abef9c98518eec62044645.jpg",
      "version": "",
      "nm": "一生有你2019",
      "preShow": false,
      "sc": 0,
      "globalReleased": false,
      "wish": 120527,
      "star": "徐娇,谢彬彬,晏紫东",
      "rt": "2019-11-29",
      "showInfo": "2019-11-29 本周五上映",
      "showst": 4,
      "wishst": 0
    },
    {
      "id": 1250662,
      "haspromotionTag": false,
      "img": "http://p0.meituan.net/128.180/movie/06aafa51a56e6e1888095373a1d00c3d1123868.jpg",
      "version": "",
      "nm": "大约在冬季",
      "preShow": false,
      "sc": 8.2,
      "globalReleased": true,
      "wish": 76357,
      "star": "马思纯,霍建华,魏大勋",
      "rt": "2019-11-15",
      "showInfo": "今天191家影院放映684场",
      "showst": 3,
      "wishst": 0
    },
    {
      "id": 346690,
      "haspromotionTag": false,
      "img": "http://p0.meituan.net/128.180/movie/a4eba2d97ec3a7e0fc728930788ac2ef263364.jpg",
      "version": "",
      "nm": "你是凶手",
      "preShow": false,
      "sc": 7.8,
      "globalReleased": true,
      "wish": 25149,
      "star": "王千源,宋佳,冯远征",
      "rt": "2019-11-22",
      "showInfo": "今天191家影院放映611场",
      "showst": 3,
      "wishst": 0
    },
    {
      "id": 518396,
      "haspromotionTag": false,
      "img": "http://p0.meituan.net/128.180/movie/d344950640ecea1622a190cb6c4d0028185114.jpg",
      "version": "",
      "nm": "衣柜里的冒险王",
      "preShow": false,
      "sc": 0,
      "globalReleased": false,
      "wish": 17095,
      "star": "丹努什,贝热尼丝·贝乔,艾琳·莫里亚蒂",
      "rt": "2019-11-29",
      "showInfo": "今天1家影院放映1场",
      "showst": 4,
      "wishst": 0
    },
    {
      "id": 597919,
      "haspromotionTag": false,
      "img": "http://p0.meituan.net/128.180/movie/d0efd6d1f0bcdf1a60fbb26f96ed5b823340129.jpg",
      "version": "",
      "nm": "触不可及",
      "preShow": false,
      "sc": 9.1,
      "globalReleased": true,
      "wish": 25374,
      "star": "凯文·哈特,布莱恩·科兰斯顿,妮可·基德曼",
      "rt": "2019-11-22",
      "showInfo": "今天171家影院放映503场",
      "showst": 3,
      "wishst": 0
    },
    {
      "id": 1217041,
      "haspromotionTag": false,
      "img": "http://p1.meituan.net/128.180/movie/6d1a970c7fefb016006b0af099d8ff38867262.jpg",
      "version": "",
      "nm": "南方车站的聚会",
      "preShow": false,
      "sc": 0,
      "globalReleased": false,
      "wish": 125668,
      "star": "胡歌,桂纶镁,廖凡",
      "rt": "2019-12-06",
      "showInfo": "2019-12-06 下周五上映",
      "showst": 4,
      "wishst": 0
    }
  ]
}